<?xml version="1.0" encoding="UTF-8" standalone="yes"?>
<?mso-application progid="Excel.Sheet"?>
<Workbook xmlns="urn:schemas-microsoft-com:office:spreadsheet"
xmlns:o="urn:schemas-microsoft-com:office:office"
xmlns:x="urn:schemas-microsoft-com:office:excel"
xmlns:ss="urn:schemas-microsoft-com:office:spreadsheet"
xmlns:html="http://www.w3.org/TR/REC-html40">
<DocumentProperties xmlns="urn:schemas-microsoft-com:office:office">
<Title>VWap EA EURUSD,M5 2015.09.21-2015.09.27</Title>
<Author>MetaQuotes Ltd.</Author>
<Revision>1</Revision>
<Created>2022-10-06T8:46:17Z</Created>
<Company>Copyright 2000-2022, MetaQuotes Ltd.</Company>
<Version>500</Version>
<Build>64</Build>
<Server>MetaQuotes-Demo</Server>
<Deposit>10000 EUR</Deposit>
<Leverage>200</Leverage>
<Condition>0</Condition>
</DocumentProperties>
<Styles>
<Style ss:ID="ce0"><NumberFormat ss:Format="0"/></Style>
<Style ss:ID="ce1"><NumberFormat ss:Format="0.0"/></Style>
<Style ss:ID="ce2"><NumberFormat ss:Format="0.00"/></Style>
<Style ss:ID="ce3"><NumberFormat ss:Format="0.000"/></Style>
<Style ss:ID="ce4"><NumberFormat ss:Format="0.0000"/></Style>
<Style ss:ID="ce5"><NumberFormat ss:Format="0.00000"/></Style>
<Style ss:ID="ce6"><NumberFormat ss:Format="0.000000"/></Style>
<Style ss:ID="ce7"><NumberFormat ss:Format="0.0000000"/></Style>
<Style ss:ID="ce8"><NumberFormat ss:Format="0.00000000"/></Style>
<Style ss:ID="ce11"><NumberFormat ss:Format="Fixed"/></Style>
<Style ss:ID="ce12"><NumberFormat ss:Format="General Date"/></Style>
<Style ss:ID="ce13"><NumberFormat ss:Format="0.00000"/></Style>
</Styles>
<Worksheet ss:Name="Tester Optimizator Results">
<Table>
<Row>
<Cell><Data ss:Type="String">Pass</Data></Cell>
<Cell><Data ss:Type="String">Result</Data></Cell>
<Cell><Data ss:Type="String">Profit</Data></Cell>
<Cell><Data ss:Type="String">Expected Payoff</Data></Cell>
<Cell><Data ss:Type="String">Profit Factor</Data></Cell>
<Cell><Data ss:Type="String">Recovery Factor</Data></Cell>
<Cell><Data ss:Type="String">Sharpe Ratio</Data></Cell>
<Cell><Data ss:Type="String">Custom</Data></Cell>
<Cell><Data ss:Type="String">Equity DD %</Data></Cell>
<Cell><Data ss:Type="String">Trades</Data></Cell>
<Cell><Data ss:Type="String">SlFactor</Data></Cell>
<Cell><Data ss:Type="String">TpFactor</Data></Cell>
<Cell><Data ss:Type="String">atrPeriod</Data></Cell>
<Cell><Data ss:Type="String">delta</Data></Cell>
<Cell><Data ss:Type="String">option</Data></Cell>
<Cell><Data ss:Type="String">fastEmaPeriod</Data></Cell>
<Cell><Data ss:Type="String">slowEMAPeriod</Data></Cell>
<Cell><Data ss:Type="String">vwapZoneMultiplyer</Data></Cell>
</Row>
<Row>
<Cell><Data ss:Type="Number">14</Data></Cell>
<Cell ss:StyleID="ce2"><Data ss:Type="Number">1.99</Data></Cell>
<Cell ss:StyleID="ce2"><Data ss:Type="Number">2945.30</Data></Cell>
<Cell ss:StyleID="ce13"><Data ss:Type="Number">41.483099</Data></Cell>
<Cell ss:StyleID="ce13"><Data ss:Type="Number">2.209033</Data></Cell>
<Cell ss:StyleID="ce13"><Data ss:Type="Number">1.993948</Data></Cell>
<Cell ss:StyleID="ce13"><Data ss:Type="Number">18.928751</Data></Cell>
<Cell><Data ss:Type="Number">3.708333333333333</Data></Cell>
<Cell ss:StyleID="ce11"><Data ss:Type="Number">13.5113</Data></Cell>
<Cell><Data ss:Type="Number">71</Data></Cell>
<Cell><Data ss:Type="Number">2.4</Data></Cell>
<Cell><Data ss:Type="Number">8.9</Data></Cell>
<Cell><Data ss:Type="Number">22</Data></Cell>
<Cell><Data ss:Type="Number">0.04</Data></Cell>
<Cell><Data ss:Type="Number">0</Data></Cell>
<Cell><Data ss:Type="Number">10</Data></Cell>
<Cell><Data ss:Type="Number">17</Data></Cell>
<Cell><Data ss:Type="Number">7</Data></Cell>
</Row>
<Row>
<Cell><Data ss:Type="Number">41</Data></Cell>
<Cell ss:StyleID="ce2"><Data ss:Type="Number">1.99</Data></Cell>
<Cell ss:StyleID="ce2"><Data ss:Type="Number">949.19</Data></Cell>
<Cell ss:StyleID="ce13"><Data ss:Type="Number">12.489342</Data></Cell>
<Cell ss:StyleID="ce13"><Data ss:Type="Number">2.435578</Data></Cell>
<Cell ss:StyleID="ce13"><Data ss:Type="Number">1.986709</Data></Cell>
<Cell ss:StyleID="ce13"><Data ss:Type="Number">21.071902</Data></Cell>
<Cell><Data ss:Type="Number">0.86842105263157898</Data></Cell>
<Cell ss:StyleID="ce11"><Data ss:Type="Number">4.6320</Data></Cell>
<Cell><Data ss:Type="Number">76</Data></Cell>
<Cell><Data ss:Type="Number">3.8</Data></Cell>
<Cell><Data ss:Type="Number">3.3</Data></Cell>
<Cell><Data ss:Type="Number">22</Data></Cell>
<Cell><Data ss:Type="Number">0.09</Data></Cell>
<Cell><Data ss:Type="Number">2</Data></Cell>
<Cell><Data ss:Type="Number">6</Data></Cell>
<Cell><Data ss:Type="Number">23</Data></Cell>
<Cell><Data ss:Type="Number">10</Data></Cell>
</Row>
<Row>
<Cell><Data ss:Type="Number">35</Data></Cell>
<Cell ss:StyleID="ce2"><Data ss:Type="Number">1.86</Data></Cell>
<Cell ss:StyleID="ce2"><Data ss:Type="Number">578.41</Data></Cell>
<Cell ss:StyleID="ce13"><Data ss:Type="Number">27.543333</Data></Cell>
<Cell ss:StyleID="ce13"><Data ss:Type="Number">9.728082</Data></Cell>
<Cell ss:StyleID="ce13"><Data ss:Type="Number">1.857928</Data></Cell>
<Cell ss:StyleID="ce13"><Data ss:Type="Number">24.372354</Data></Cell>
<Cell><Data ss:Type="Number">0.45999999999999996</Data></Cell>
<Cell ss:StyleID="ce11"><Data ss:Type="Number">2.9488</Data></Cell>
<Cell><Data ss:Type="Number">21</Data></Cell>
<Cell><Data ss:Type="Number">5.0</Data></Cell>
<Cell><Data ss:Type="Number">2.3</Data></Cell>
<Cell><Data ss:Type="Number">15</Data></Cell>
<Cell><Data ss:Type="Number">0.09</Data></Cell>
<Cell><Data ss:Type="Number">0</Data></Cell>
<Cell><Data ss:Type="Number">4</Data></Cell>
<Cell><Data ss:Type="Number">22</Data></Cell>
<Cell><Data ss:Type="Number">8</Data></Cell>
</Row>
<Row>
<Cell><Data ss:Type="Number">29</Data></Cell>
<Cell ss:StyleID="ce2"><Data ss:Type="Number">1.80</Data></Cell>
<Cell ss:StyleID="ce2"><Data ss:Type="Number">938.19</Data></Cell>
<Cell ss:StyleID="ce13"><Data ss:Type="Number">14.433692</Data></Cell>
<Cell ss:StyleID="ce13"><Data ss:Type="Number">3.014494</Data></Cell>
<Cell ss:StyleID="ce13"><Data ss:Type="Number">1.802444</Data></Cell>
<Cell ss:StyleID="ce13"><Data ss:Type="Number">17.045938</Data></Cell>
<Cell><Data ss:Type="Number">1.3673469387755102</Data></Cell>
<Cell ss:StyleID="ce11"><Data ss:Type="Number">5.1058</Data></Cell>
<Cell><Data ss:Type="Number">65</Data></Cell>
<Cell><Data ss:Type="Number">4.9</Data></Cell>
<Cell><Data ss:Type="Number">6.7</Data></Cell>
<Cell><Data ss:Type="Number">23</Data></Cell>
<Cell><Data ss:Type="Number">0.08</Data></Cell>
<Cell><Data ss:Type="Number">2</Data></Cell>
<Cell><Data ss:Type="Number">4</Data></Cell>
<Cell><Data ss:Type="Number">11</Data></Cell>
<Cell><Data ss:Type="Number">4</Data></Cell>
</Row>
<Row>
<Cell><Data ss:Type="Number">17</Data></Cell>
<Cell ss:StyleID="ce2"><Data ss:Type="Number">1.77</Data></Cell>
<Cell ss:StyleID="ce2"><Data ss:Type="Number">1462.25</Data></Cell>
<Cell ss:StyleID="ce13"><Data ss:Type="Number">19.496667</Data></Cell>
<Cell ss:StyleID="ce13"><Data ss:Type="Number">1.779950</Data></Cell>
<Cell ss:StyleID="ce13"><Data ss:Type="Number">1.765086</Data></Cell>
<Cell ss:StyleID="ce13"><Data ss:Type="Number">19.018523</Data></Cell>
<Cell><Data ss:Type="Number">1.24</Data></Cell>
<Cell ss:StyleID="ce11"><Data ss:Type="Number">7.9647</Data></Cell>
<Cell><Data ss:Type="Number">75</Data></Cell>
<Cell><Data ss:Type="Number">2.5</Data></Cell>
<Cell><Data ss:Type="Number">3.1</Data></Cell>
<Cell><Data ss:Type="Number">19</Data></Cell>
<Cell><Data ss:Type="Number">0.46</Data></Cell>
<Cell><Data ss:Type="Number">0</Data></Cell>
<Cell><Data ss:Type="Number">3</Data></Cell>
<Cell><Data ss:Type="Number">12</Data></Cell>
<Cell><Data ss:Type="Number">4</Data></Cell>
</Row>
<Row>
<Cell><Data ss:Type="Number">6</Data></Cell>
<Cell ss:StyleID="ce2"><Data ss:Type="Number">1.55</Data></Cell>
<Cell ss:StyleID="ce2"><Data ss:Type="Number">707.07</Data></Cell>
<Cell ss:StyleID="ce13"><Data ss:Type="Number">54.390000</Data></Cell>
<Cell ss:StyleID="ce13"><Data ss:Type="Number">6.677453</Data></Cell>
<Cell ss:StyleID="ce13"><Data ss:Type="Number">1.545441</Data></Cell>
<Cell ss:StyleID="ce13"><Data ss:Type="Number">8.174030</Data></Cell>
<Cell><Data ss:Type="Number">1.6857142857142857</Data></Cell>
<Cell ss:StyleID="ce11"><Data ss:Type="Number">4.2349</Data></Cell>
<Cell><Data ss:Type="Number">13</Data></Cell>
<Cell><Data ss:Type="Number">3.5</Data></Cell>
<Cell><Data ss:Type="Number">5.9</Data></Cell>
<Cell><Data ss:Type="Number">21</Data></Cell>
<Cell><Data ss:Type="Number">0.22</Data></Cell>
<Cell><Data ss:Type="Number">0</Data></Cell>
<Cell><Data ss:Type="Number">4</Data></Cell>
<Cell><Data ss:Type="Number">21</Data></Cell>
<Cell><Data ss:Type="Number">6</Data></Cell>
</Row>
<Row>
<Cell><Data ss:Type="Number">15</Data></Cell>
<Cell ss:StyleID="ce2"><Data ss:Type="Number">1.42</Data></Cell>
<Cell ss:StyleID="ce2"><Data ss:Type="Number">616.06</Data></Cell>
<Cell ss:StyleID="ce13"><Data ss:Type="Number">44.004286</Data></Cell>
<Cell ss:StyleID="ce13"><Data ss:Type="Number">6.701620</Data></Cell>
<Cell ss:StyleID="ce13"><Data ss:Type="Number">1.420966</Data></Cell>
<Cell ss:StyleID="ce13"><Data ss:Type="Number">10.567862</Data></Cell>
<Cell><Data ss:Type="Number">0.875</Data></Cell>
<Cell ss:StyleID="ce11"><Data ss:Type="Number">4.1139</Data></Cell>
<Cell><Data ss:Type="Number">14</Data></Cell>
<Cell><Data ss:Type="Number">3.2</Data></Cell>
<Cell><Data ss:Type="Number">2.8</Data></Cell>
<Cell><Data ss:Type="Number">15</Data></Cell>
<Cell><Data ss:Type="Number">0.02</Data></Cell>
<Cell><Data ss:Type="Number">0</Data></Cell>
<Cell><Data ss:Type="Number">7</Data></Cell>
<Cell><Data ss:Type="Number">15</Data></Cell>
<Cell><Data ss:Type="Number">2</Data></Cell>
</Row>
<Row>
<Cell><Data ss:Type="Number">22</Data></Cell>
<Cell ss:StyleID="ce2"><Data ss:Type="Number">1.27</Data></Cell>
<Cell ss:StyleID="ce2"><Data ss:Type="Number">559.71</Data></Cell>
<Cell ss:StyleID="ce13"><Data ss:Type="Number">31.095000</Data></Cell>
<Cell ss:StyleID="ce13"><Data ss:Type="Number">5.171648</Data></Cell>
<Cell ss:StyleID="ce13"><Data ss:Type="Number">1.270595</Data></Cell>
<Cell ss:StyleID="ce13"><Data ss:Type="Number">21.220434</Data></Cell>
<Cell><Data ss:Type="Number">1</Data></Cell>
<Cell ss:StyleID="ce11"><Data ss:Type="Number">4.1198</Data></Cell>
<Cell><Data ss:Type="Number">18</Data></Cell>
<Cell><Data ss:Type="Number">2.7</Data></Cell>
<Cell><Data ss:Type="Number">2.7</Data></Cell>
<Cell><Data ss:Type="Number">20</Data></Cell>
<Cell><Data ss:Type="Number">0.08</Data></Cell>
<Cell><Data ss:Type="Number">2</Data></Cell>
<Cell><Data ss:Type="Number">9</Data></Cell>
<Cell><Data ss:Type="Number">19</Data></Cell>
<Cell><Data ss:Type="Number">7</Data></Cell>
</Row>
<Row>
<Cell><Data ss:Type="Number">12</Data></Cell>
<Cell ss:StyleID="ce2"><Data ss:Type="Number">1.22</Data></Cell>
<Cell ss:StyleID="ce2"><Data ss:Type="Number">1232.16</Data></Cell>
<Cell ss:StyleID="ce13"><Data ss:Type="Number">53.572174</Data></Cell>
<Cell ss:StyleID="ce13"><Data ss:Type="Number">2.285415</Data></Cell>
<Cell ss:StyleID="ce13"><Data ss:Type="Number">1.217273</Data></Cell>
<Cell ss:StyleID="ce13"><Data ss:Type="Number">21.669964</Data></Cell>
<Cell><Data ss:Type="Number">2.625</Data></Cell>
<Cell ss:StyleID="ce11"><Data ss:Type="Number">8.9757</Data></Cell>
<Cell><Data ss:Type="Number">23</Data></Cell>
<Cell><Data ss:Type="Number">1.6</Data></Cell>
<Cell><Data ss:Type="Number">4.2</Data></Cell>
<Cell><Data ss:Type="Number">19</Data></Cell>
<Cell><Data ss:Type="Number">0.01</Data></Cell>
<Cell><Data ss:Type="Number">0</Data></Cell>
<Cell><Data ss:Type="Number">5</Data></Cell>
<Cell><Data ss:Type="Number">22</Data></Cell>
<Cell><Data ss:Type="Number">4</Data></Cell>
</Row>
<Row>
<Cell><Data ss:Type="Number">26</Data></Cell>
<Cell ss:StyleID="ce2"><Data ss:Type="Number">1.08</Data></Cell>
<Cell ss:StyleID="ce2"><Data ss:Type="Number">599.58</Data></Cell>
<Cell ss:StyleID="ce13"><Data ss:Type="Number">49.965000</Data></Cell>
<Cell ss:StyleID="ce13"><Data ss:Type="Number">6.129877</Data></Cell>
<Cell ss:StyleID="ce13"><Data ss:Type="Number">1.079935</Data></Cell>
<Cell ss:StyleID="ce13"><Data ss:Type="Number">5.641736</Data></Cell>
<Cell><Data ss:Type="Number">2.2972972972972974</Data></Cell>
<Cell ss:StyleID="ce11"><Data ss:Type="Number">5.1858</Data></Cell>
<Cell><Data ss:Type="Number">12</Data></Cell>
<Cell><Data ss:Type="Number">3.7</Data></Cell>
<Cell><Data ss:Type="Number">8.5</Data></Cell>
<Cell><Data ss:Type="Number">23</Data></Cell>
<Cell><Data ss:Type="Number">0.26</Data></Cell>
<Cell><Data ss:Type="Number">0</Data></Cell>
<Cell><Data ss:Type="Number">4</Data></Cell>
<Cell><Data ss:Type="Number">22</Data></Cell>
<Cell><Data ss:Type="Number">6</Data></Cell>
</Row>
<Row>
<Cell><Data ss:Type="Number">11</Data></Cell>
<Cell ss:StyleID="ce2"><Data ss:Type="Number">1.07</Data></Cell>
<Cell ss:StyleID="ce2"><Data ss:Type="Number">538.58</Data></Cell>
<Cell ss:StyleID="ce13"><Data ss:Type="Number">44.881667</Data></Cell>
<Cell ss:StyleID="ce13"><Data ss:Type="Number">5.364152</Data></Cell>
<Cell ss:StyleID="ce13"><Data ss:Type="Number">1.068293</Data></Cell>
<Cell ss:StyleID="ce13"><Data ss:Type="Number">7.498170</Data></Cell>
<Cell><Data ss:Type="Number">3.6086956521739135</Data></Cell>
<Cell ss:StyleID="ce11"><Data ss:Type="Number">4.6627</Data></Cell>
<Cell><Data ss:Type="Number">12</Data></Cell>
<Cell><Data ss:Type="Number">2.3</Data></Cell>
<Cell><Data ss:Type="Number">8.3</Data></Cell>
<Cell><Data ss:Type="Number">16</Data></Cell>
<Cell><Data ss:Type="Number">0.49</Data></Cell>
<Cell><Data ss:Type="Number">2</Data></Cell>
<Cell><Data ss:Type="Number">7</Data></Cell>
<Cell><Data ss:Type="Number">15</Data></Cell>
<Cell><Data ss:Type="Number">3</Data></Cell>
</Row>
<Row>
<Cell><Data ss:Type="Number">45</Data></Cell>
<Cell ss:StyleID="ce2"><Data ss:Type="Number">0.83</Data></Cell>
<Cell ss:StyleID="ce2"><Data ss:Type="Number">681.47</Data></Cell>
<Cell ss:StyleID="ce13"><Data ss:Type="Number">19.470571</Data></Cell>
<Cell ss:StyleID="ce13"><Data ss:Type="Number">1.710753</Data></Cell>
<Cell ss:StyleID="ce13"><Data ss:Type="Number">0.825704</Data></Cell>
<Cell ss:StyleID="ce13"><Data ss:Type="Number">22.116443</Data></Cell>
<Cell><Data ss:Type="Number">0.65000000000000002</Data></Cell>
<Cell ss:StyleID="ce11"><Data ss:Type="Number">7.5058</Data></Cell>
<Cell><Data ss:Type="Number">35</Data></Cell>
<Cell><Data ss:Type="Number">2.0</Data></Cell>
<Cell><Data ss:Type="Number">1.3</Data></Cell>
<Cell><Data ss:Type="Number">17</Data></Cell>
<Cell><Data ss:Type="Number">0.08</Data></Cell>
<Cell><Data ss:Type="Number">0</Data></Cell>
<Cell><Data ss:Type="Number">7</Data></Cell>
<Cell><Data ss:Type="Number">17</Data></Cell>
<Cell><Data ss:Type="Number">7</Data></Cell>
</Row>
<Row>
<Cell><Data ss:Type="Number">33</Data></Cell>
<Cell ss:StyleID="ce2"><Data ss:Type="Number">0.71</Data></Cell>
<Cell ss:StyleID="ce2"><Data ss:Type="Number">501.52</Data></Cell>
<Cell ss:StyleID="ce13"><Data ss:Type="Number">13.554595</Data></Cell>
<Cell ss:StyleID="ce13"><Data ss:Type="Number">1.660816</Data></Cell>
<Cell ss:StyleID="ce13"><Data ss:Type="Number">0.706605</Data></Cell>
<Cell ss:StyleID="ce13"><Data ss:Type="Number">19.660020</Data></Cell>
<Cell><Data ss:Type="Number">5</Data></Cell>
<Cell ss:StyleID="ce11"><Data ss:Type="Number">6.4876</Data></Cell>
<Cell><Data ss:Type="Number">37</Data></Cell>
<Cell><Data ss:Type="Number">0.9</Data></Cell>
<Cell><Data ss:Type="Number">4.5</Data></Cell>
<Cell><Data ss:Type="Number">17</Data></Cell>
<Cell><Data ss:Type="Number">0.16</Data></Cell>
<Cell><Data ss:Type="Number">2</Data></Cell>
<Cell><Data ss:Type="Number">5</Data></Cell>
<Cell><Data ss:Type="Number">20</Data></Cell>
<Cell><Data ss:Type="Number">3</Data></Cell>
</Row>
<Row>
<Cell><Data ss:Type="Number">21</Data></Cell>
<Cell ss:StyleID="ce2"><Data ss:Type="Number">0.60</Data></Cell>
<Cell ss:StyleID="ce2"><Data ss:Type="Number">342.57</Data></Cell>
<Cell ss:StyleID="ce13"><Data ss:Type="Number">13.702800</Data></Cell>
<Cell ss:StyleID="ce13"><Data ss:Type="Number">1.798085</Data></Cell>
<Cell ss:StyleID="ce13"><Data ss:Type="Number">0.597155</Data></Cell>
<Cell ss:StyleID="ce13"><Data ss:Type="Number">14.890002</Data></Cell>
<Cell><Data ss:Type="Number">3.8461538461538458</Data></Cell>
<Cell ss:StyleID="ce11"><Data ss:Type="Number">5.3556</Data></Cell>
<Cell><Data ss:Type="Number">25</Data></Cell>
<Cell><Data ss:Type="Number">1.3</Data></Cell>
<Cell><Data ss:Type="Number">5.0</Data></Cell>
<Cell><Data ss:Type="Number">18</Data></Cell>
<Cell><Data ss:Type="Number">0.40</Data></Cell>
<Cell><Data ss:Type="Number">2</Data></Cell>
<Cell><Data ss:Type="Number">9</Data></Cell>
<Cell><Data ss:Type="Number">22</Data></Cell>
<Cell><Data ss:Type="Number">2</Data></Cell>
</Row>
<Row>
<Cell><Data ss:Type="Number">30</Data></Cell>
<Cell ss:StyleID="ce2"><Data ss:Type="Number">0.53</Data></Cell>
<Cell ss:StyleID="ce2"><Data ss:Type="Number">272.77</Data></Cell>
<Cell ss:StyleID="ce13"><Data ss:Type="Number">20.982308</Data></Cell>
<Cell ss:StyleID="ce13"><Data ss:Type="Number">3.276688</Data></Cell>
<Cell ss:StyleID="ce13"><Data ss:Type="Number">0.530712</Data></Cell>
<Cell ss:StyleID="ce13"><Data ss:Type="Number">5.526824</Data></Cell>
<Cell><Data ss:Type="Number">1.6744186046511627</Data></Cell>
<Cell ss:StyleID="ce11"><Data ss:Type="Number">4.8565</Data></Cell>
<Cell><Data ss:Type="Number">13</Data></Cell>
<Cell><Data ss:Type="Number">4.3</Data></Cell>
<Cell><Data ss:Type="Number">7.2</Data></Cell>
<Cell><Data ss:Type="Number">20</Data></Cell>
<Cell><Data ss:Type="Number">0.46</Data></Cell>
<Cell><Data ss:Type="Number">1</Data></Cell>
<Cell><Data ss:Type="Number">8</Data></Cell>
<Cell><Data ss:Type="Number">24</Data></Cell>
<Cell><Data ss:Type="Number">7</Data></Cell>
</Row>
<Row>
<Cell><Data ss:Type="Number">9</Data></Cell>
<Cell ss:StyleID="ce2"><Data ss:Type="Number">0.45</Data></Cell>
<Cell ss:StyleID="ce2"><Data ss:Type="Number">120.64</Data></Cell>
<Cell ss:StyleID="ce13"><Data ss:Type="Number">1.419294</Data></Cell>
<Cell ss:StyleID="ce13"><Data ss:Type="Number">1.378300</Data></Cell>
<Cell ss:StyleID="ce13"><Data ss:Type="Number">0.453790</Data></Cell>
<Cell ss:StyleID="ce13"><Data ss:Type="Number">8.610978</Data></Cell>
<Cell><Data ss:Type="Number">0.25</Data></Cell>
<Cell ss:StyleID="ce11"><Data ss:Type="Number">2.6416</Data></Cell>
<Cell><Data ss:Type="Number">85</Data></Cell>
<Cell><Data ss:Type="Number">4.0</Data></Cell>
<Cell><Data ss:Type="Number">1.0</Data></Cell>
<Cell><Data ss:Type="Number">17</Data></Cell>
<Cell><Data ss:Type="Number">0.25</Data></Cell>
<Cell><Data ss:Type="Number">2</Data></Cell>
<Cell><Data ss:Type="Number">4</Data></Cell>
<Cell><Data ss:Type="Number">11</Data></Cell>
<Cell><Data ss:Type="Number">2</Data></Cell>
</Row>
<Row>
<Cell><Data ss:Type="Number">7</Data></Cell>
<Cell ss:StyleID="ce2"><Data ss:Type="Number">0.36</Data></Cell>
<Cell ss:StyleID="ce2"><Data ss:Type="Number">114.71</Data></Cell>
<Cell ss:StyleID="ce13"><Data ss:Type="Number">6.747647</Data></Cell>
<Cell ss:StyleID="ce13"><Data ss:Type="Number">1.847757</Data></Cell>
<Cell ss:StyleID="ce13"><Data ss:Type="Number">0.364240</Data></Cell>
<Cell ss:StyleID="ce13"><Data ss:Type="Number">5.684334</Data></Cell>
<Cell><Data ss:Type="Number">0.5106382978723405</Data></Cell>
<Cell ss:StyleID="ce11"><Data ss:Type="Number">3.0728</Data></Cell>
<Cell><Data ss:Type="Number">17</Data></Cell>
<Cell><Data ss:Type="Number">4.7</Data></Cell>
<Cell><Data ss:Type="Number">2.4</Data></Cell>
<Cell><Data ss:Type="Number">23</Data></Cell>
<Cell><Data ss:Type="Number">0.23</Data></Cell>
<Cell><Data ss:Type="Number">1</Data></Cell>
<Cell><Data ss:Type="Number">10</Data></Cell>
<Cell><Data ss:Type="Number">19</Data></Cell>
<Cell><Data ss:Type="Number">10</Data></Cell>
</Row>
<Row>
<Cell><Data ss:Type="Number">38</Data></Cell>
<Cell ss:StyleID="ce2"><Data ss:Type="Number">0.30</Data></Cell>
<Cell ss:StyleID="ce2"><Data ss:Type="Number">197.06</Data></Cell>
<Cell ss:StyleID="ce13"><Data ss:Type="Number">3.649259</Data></Cell>
<Cell ss:StyleID="ce13"><Data ss:Type="Number">1.107484</Data></Cell>
<Cell ss:StyleID="ce13"><Data ss:Type="Number">0.301117</Data></Cell>
<Cell ss:StyleID="ce13"><Data ss:Type="Number">5.649174</Data></Cell>
<Cell><Data ss:Type="Number">9.8333333333333339</Data></Cell>
<Cell ss:StyleID="ce11"><Data ss:Type="Number">6.1407</Data></Cell>
<Cell><Data ss:Type="Number">54</Data></Cell>
<Cell><Data ss:Type="Number">0.6</Data></Cell>
<Cell><Data ss:Type="Number">5.9</Data></Cell>
<Cell><Data ss:Type="Number">22</Data></Cell>
<Cell><Data ss:Type="Number">0.40</Data></Cell>
<Cell><Data ss:Type="Number">1</Data></Cell>
<Cell><Data ss:Type="Number">9</Data></Cell>
<Cell><Data ss:Type="Number">24</Data></Cell>
<Cell><Data ss:Type="Number">5</Data></Cell>
</Row>
<Row>
<Cell><Data ss:Type="Number">19</Data></Cell>
<Cell ss:StyleID="ce2"><Data ss:Type="Number">0.18</Data></Cell>
<Cell ss:StyleID="ce2"><Data ss:Type="Number">139.84</Data></Cell>
<Cell ss:StyleID="ce13"><Data ss:Type="Number">9.988571</Data></Cell>
<Cell ss:StyleID="ce13"><Data ss:Type="Number">1.428012</Data></Cell>
<Cell ss:StyleID="ce13"><Data ss:Type="Number">0.181182</Data></Cell>
<Cell ss:StyleID="ce13"><Data ss:Type="Number">2.304567</Data></Cell>
<Cell><Data ss:Type="Number">2.2068965517241379</Data></Cell>
<Cell ss:StyleID="ce11"><Data ss:Type="Number">7.2131</Data></Cell>
<Cell><Data ss:Type="Number">14</Data></Cell>
<Cell><Data ss:Type="Number">2.9</Data></Cell>
<Cell><Data ss:Type="Number">6.4</Data></Cell>
<Cell><Data ss:Type="Number">24</Data></Cell>
<Cell><Data ss:Type="Number">0.49</Data></Cell>
<Cell><Data ss:Type="Number">1</Data></Cell>
<Cell><Data ss:Type="Number">6</Data></Cell>
<Cell><Data ss:Type="Number">20</Data></Cell>
<Cell><Data ss:Type="Number">10</Data></Cell>
</Row>
<Row>
<Cell><Data ss:Type="Number">42</Data></Cell>
<Cell ss:StyleID="ce2"><Data ss:Type="Number">0.11</Data></Cell>
<Cell ss:StyleID="ce2"><Data ss:Type="Number">104.94</Data></Cell>
<Cell ss:StyleID="ce13"><Data ss:Type="Number">2.498571</Data></Cell>
<Cell ss:StyleID="ce13"><Data ss:Type="Number">1.084068</Data></Cell>
<Cell ss:StyleID="ce13"><Data ss:Type="Number">0.114830</Data></Cell>
<Cell ss:StyleID="ce13"><Data ss:Type="Number">2.954904</Data></Cell>
<Cell><Data ss:Type="Number">2.25</Data></Cell>
<Cell ss:StyleID="ce11"><Data ss:Type="Number">8.4746</Data></Cell>
<Cell><Data ss:Type="Number">42</Data></Cell>
<Cell><Data ss:Type="Number">1.2</Data></Cell>
<Cell><Data ss:Type="Number">2.7</Data></Cell>
<Cell><Data ss:Type="Number">24</Data></Cell>
<Cell><Data ss:Type="Number">0.02</Data></Cell>
<Cell><Data ss:Type="Number">2</Data></Cell>
<Cell><Data ss:Type="Number">7</Data></Cell>
<Cell><Data ss:Type="Number">11</Data></Cell>
<Cell><Data ss:Type="Number">10</Data></Cell>
</Row>
<Row>
<Cell><Data ss:Type="Number">25</Data></Cell>
<Cell ss:StyleID="ce2"><Data ss:Type="Number">-0.07</Data></Cell>
<Cell ss:StyleID="ce2"><Data ss:Type="Number">-137.86</Data></Cell>
<Cell ss:StyleID="ce13"><Data ss:Type="Number">-2.601132</Data></Cell>
<Cell ss:StyleID="ce13"><Data ss:Type="Number">0.962174</Data></Cell>
<Cell ss:StyleID="ce13"><Data ss:Type="Number">-0.070625</Data></Cell>
<Cell ss:StyleID="ce13"><Data ss:Type="Number">-2.491249</Data></Cell>
<Cell><Data ss:Type="Number">3</Data></Cell>
<Cell ss:StyleID="ce11"><Data ss:Type="Number">17.3898</Data></Cell>
<Cell><Data ss:Type="Number">53</Data></Cell>
<Cell><Data ss:Type="Number">0.9</Data></Cell>
<Cell><Data ss:Type="Number">2.7</Data></Cell>
<Cell><Data ss:Type="Number">19</Data></Cell>
<Cell><Data ss:Type="Number">0.02</Data></Cell>
<Cell><Data ss:Type="Number">0</Data></Cell>
<Cell><Data ss:Type="Number">4</Data></Cell>
<Cell><Data ss:Type="Number">20</Data></Cell>
<Cell><Data ss:Type="Number">8</Data></Cell>
</Row>
<Row>
<Cell><Data ss:Type="Number">31</Data></Cell>
<Cell ss:StyleID="ce2"><Data ss:Type="Number">-0.25</Data></Cell>
<Cell ss:StyleID="ce2"><Data ss:Type="Number">-127.77</Data></Cell>
<Cell ss:StyleID="ce13"><Data ss:Type="Number">-1.878971</Data></Cell>
<Cell ss:StyleID="ce13"><Data ss:Type="Number">0.753106</Data></Cell>
<Cell ss:StyleID="ce13"><Data ss:Type="Number">-0.253462</Data></Cell>
<Cell ss:StyleID="ce13"><Data ss:Type="Number">-5.000000</Data></Cell>
<Cell><Data ss:Type="Number">0.25531914893617025</Data></Cell>
<Cell ss:StyleID="ce11"><Data ss:Type="Number">4.9725</Data></Cell>
<Cell><Data ss:Type="Number">68</Data></Cell>
<Cell><Data ss:Type="Number">4.7</Data></Cell>
<Cell><Data ss:Type="Number">1.2</Data></Cell>
<Cell><Data ss:Type="Number">15</Data></Cell>
<Cell><Data ss:Type="Number">0.42</Data></Cell>
<Cell><Data ss:Type="Number">2</Data></Cell>
<Cell><Data ss:Type="Number">3</Data></Cell>
<Cell><Data ss:Type="Number">14</Data></Cell>
<Cell><Data ss:Type="Number">3</Data></Cell>
</Row>
<Row>
<Cell><Data ss:Type="Number">44</Data></Cell>
<Cell ss:StyleID="ce2"><Data ss:Type="Number">-0.63</Data></Cell>
<Cell ss:StyleID="ce2"><Data ss:Type="Number">-964.90</Data></Cell>
<Cell ss:StyleID="ce13"><Data ss:Type="Number">-15.562903</Data></Cell>
<Cell ss:StyleID="ce13"><Data ss:Type="Number">0.432832</Data></Cell>
<Cell ss:StyleID="ce13"><Data ss:Type="Number">-0.634456</Data></Cell>
<Cell ss:StyleID="ce13"><Data ss:Type="Number">-5.000000</Data></Cell>
<Cell><Data ss:Type="Number">4.333333333333333</Data></Cell>
<Cell ss:StyleID="ce11"><Data ss:Type="Number">15.2083</Data></Cell>
<Cell><Data ss:Type="Number">62</Data></Cell>
<Cell><Data ss:Type="Number">1.5</Data></Cell>
<Cell><Data ss:Type="Number">6.5</Data></Cell>
<Cell><Data ss:Type="Number">20</Data></Cell>
<Cell><Data ss:Type="Number">0.21</Data></Cell>
<Cell><Data ss:Type="Number">2</Data></Cell>
<Cell><Data ss:Type="Number">7</Data></Cell>
<Cell><Data ss:Type="Number">23</Data></Cell>
<Cell><Data ss:Type="Number">2</Data></Cell>
</Row>
<Row>
<Cell><Data ss:Type="Number">4</Data></Cell>
<Cell ss:StyleID="ce2"><Data ss:Type="Number">-0.76</Data></Cell>
<Cell ss:StyleID="ce2"><Data ss:Type="Number">-898.25</Data></Cell>
<Cell ss:StyleID="ce13"><Data ss:Type="Number">-12.651408</Data></Cell>
<Cell ss:StyleID="ce13"><Data ss:Type="Number">0.405558</Data></Cell>
<Cell ss:StyleID="ce13"><Data ss:Type="Number">-0.757180</Data></Cell>
<Cell ss:StyleID="ce13"><Data ss:Type="Number">-5.000000</Data></Cell>
<Cell><Data ss:Type="Number">0.28947368421052633</Data></Cell>
<Cell ss:StyleID="ce11"><Data ss:Type="Number">11.8631</Data></Cell>
<Cell><Data ss:Type="Number">71</Data></Cell>
<Cell><Data ss:Type="Number">3.8</Data></Cell>
<Cell><Data ss:Type="Number">1.1</Data></Cell>
<Cell><Data ss:Type="Number">18</Data></Cell>
<Cell><Data ss:Type="Number">0.38</Data></Cell>
<Cell><Data ss:Type="Number">1</Data></Cell>
<Cell><Data ss:Type="Number">6</Data></Cell>
<Cell><Data ss:Type="Number">22</Data></Cell>
<Cell><Data ss:Type="Number">3</Data></Cell>
</Row>
<Row>
<Cell><Data ss:Type="Number">20</Data></Cell>
<Cell ss:StyleID="ce2"><Data ss:Type="Number">-0.78</Data></Cell>
<Cell ss:StyleID="ce2"><Data ss:Type="Number">-1217.98</Data></Cell>
<Cell ss:StyleID="ce13"><Data ss:Type="Number">-18.454242</Data></Cell>
<Cell ss:StyleID="ce13"><Data ss:Type="Number">0.417636</Data></Cell>
<Cell ss:StyleID="ce13"><Data ss:Type="Number">-0.777130</Data></Cell>
<Cell ss:StyleID="ce13"><Data ss:Type="Number">-5.000000</Data></Cell>
<Cell><Data ss:Type="Number">0.82758620689655171</Data></Cell>
<Cell ss:StyleID="ce11"><Data ss:Type="Number">15.6728</Data></Cell>
<Cell><Data ss:Type="Number">66</Data></Cell>
<Cell><Data ss:Type="Number">2.9</Data></Cell>
<Cell><Data ss:Type="Number">2.4</Data></Cell>
<Cell><Data ss:Type="Number">24</Data></Cell>
<Cell><Data ss:Type="Number">0.43</Data></Cell>
<Cell><Data ss:Type="Number">0</Data></Cell>
<Cell><Data ss:Type="Number">5</Data></Cell>
<Cell><Data ss:Type="Number">11</Data></Cell>
<Cell><Data ss:Type="Number">5</Data></Cell>
</Row>
<Row>
<Cell><Data ss:Type="Number">27</Data></Cell>
<Cell ss:StyleID="ce2"><Data ss:Type="Number">-0.80</Data></Cell>
<Cell ss:StyleID="ce2"><Data ss:Type="Number">-842.43</Data></Cell>
<Cell ss:StyleID="ce13"><Data ss:Type="Number">-13.162969</Data></Cell>
<Cell ss:StyleID="ce13"><Data ss:Type="Number">0.277194</Data></Cell>
<Cell ss:StyleID="ce13"><Data ss:Type="Number">-0.804598</Data></Cell>
<Cell ss:StyleID="ce13"><Data ss:Type="Number">-5.000000</Data></Cell>
<Cell><Data ss:Type="Number">0.81818181818181812</Data></Cell>
<Cell ss:StyleID="ce11"><Data ss:Type="Number">10.4702</Data></Cell>
<Cell><Data ss:Type="Number">64</Data></Cell>
<Cell><Data ss:Type="Number">3.3</Data></Cell>
<Cell><Data ss:Type="Number">2.7</Data></Cell>
<Cell><Data ss:Type="Number">19</Data></Cell>
<Cell><Data ss:Type="Number">0.25</Data></Cell>
<Cell><Data ss:Type="Number">2</Data></Cell>
<Cell><Data ss:Type="Number">6</Data></Cell>
<Cell><Data ss:Type="Number">15</Data></Cell>
<Cell><Data ss:Type="Number">5</Data></Cell>
</Row>
<Row>
<Cell><Data ss:Type="Number">24</Data></Cell>
<Cell ss:StyleID="ce2"><Data ss:Type="Number">-0.85</Data></Cell>
<Cell ss:StyleID="ce2"><Data ss:Type="Number">-1318.42</Data></Cell>
<Cell ss:StyleID="ce13"><Data ss:Type="Number">-18.311389</Data></Cell>
<Cell ss:StyleID="ce13"><Data ss:Type="Number">0.466859</Data></Cell>
<Cell ss:StyleID="ce13"><Data ss:Type="Number">-0.849240</Data></Cell>
<Cell ss:StyleID="ce13"><Data ss:Type="Number">-5.000000</Data></Cell>
<Cell><Data ss:Type="Number">5.8000000000000007</Data></Cell>
<Cell ss:StyleID="ce11"><Data ss:Type="Number">15.5247</Data></Cell>
<Cell><Data ss:Type="Number">72</Data></Cell>
<Cell><Data ss:Type="Number">1.0</Data></Cell>
<Cell><Data ss:Type="Number">5.8</Data></Cell>
<Cell><Data ss:Type="Number">15</Data></Cell>
<Cell><Data ss:Type="Number">0.29</Data></Cell>
<Cell><Data ss:Type="Number">2</Data></Cell>
<Cell><Data ss:Type="Number">3</Data></Cell>
<Cell><Data ss:Type="Number">13</Data></Cell>
<Cell><Data ss:Type="Number">3</Data></Cell>
</Row>
<Row>
<Cell><Data ss:Type="Number">16</Data></Cell>
<Cell ss:StyleID="ce2"><Data ss:Type="Number">-0.85</Data></Cell>
<Cell ss:StyleID="ce2"><Data ss:Type="Number">-927.34</Data></Cell>
<Cell ss:StyleID="ce13"><Data ss:Type="Number">-16.559643</Data></Cell>
<Cell ss:StyleID="ce13"><Data ss:Type="Number">0.212544</Data></Cell>
<Cell ss:StyleID="ce13"><Data ss:Type="Number">-0.854494</Data></Cell>
<Cell ss:StyleID="ce13"><Data ss:Type="Number">-5.000000</Data></Cell>
<Cell><Data ss:Type="Number">2.0408163265306123</Data></Cell>
<Cell ss:StyleID="ce11"><Data ss:Type="Number">10.8525</Data></Cell>
<Cell><Data ss:Type="Number">56</Data></Cell>
<Cell><Data ss:Type="Number">4.9</Data></Cell>
<Cell><Data ss:Type="Number">10.0</Data></Cell>
<Cell><Data ss:Type="Number">19</Data></Cell>
<Cell><Data ss:Type="Number">0.32</Data></Cell>
<Cell><Data ss:Type="Number">0</Data></Cell>
<Cell><Data ss:Type="Number">3</Data></Cell>
<Cell><Data ss:Type="Number">23</Data></Cell>
<Cell><Data ss:Type="Number">2</Data></Cell>
</Row>
<Row>
<Cell><Data ss:Type="Number">37</Data></Cell>
<Cell ss:StyleID="ce2"><Data ss:Type="Number">-0.91</Data></Cell>
<Cell ss:StyleID="ce2"><Data ss:Type="Number">-638.11</Data></Cell>
<Cell ss:StyleID="ce13"><Data ss:Type="Number">-9.817077</Data></Cell>
<Cell ss:StyleID="ce13"><Data ss:Type="Number">0.719220</Data></Cell>
<Cell ss:StyleID="ce13"><Data ss:Type="Number">-0.906059</Data></Cell>
<Cell ss:StyleID="ce13"><Data ss:Type="Number">-5.000000</Data></Cell>
<Cell><Data ss:Type="Number">9.2000000000000011</Data></Cell>
<Cell ss:StyleID="ce11"><Data ss:Type="Number">7.0427</Data></Cell>
<Cell><Data ss:Type="Number">65</Data></Cell>
<Cell><Data ss:Type="Number">0.5</Data></Cell>
<Cell><Data ss:Type="Number">4.6</Data></Cell>
<Cell><Data ss:Type="Number">19</Data></Cell>
<Cell><Data ss:Type="Number">0.35</Data></Cell>
<Cell><Data ss:Type="Number">1</Data></Cell>
<Cell><Data ss:Type="Number">6</Data></Cell>
<Cell><Data ss:Type="Number">16</Data></Cell>
<Cell><Data ss:Type="Number">6</Data></Cell>
</Row>
<Row>
<Cell><Data ss:Type="Number">34</Data></Cell>
<Cell ss:StyleID="ce2"><Data ss:Type="Number">-0.92</Data></Cell>
<Cell ss:StyleID="ce2"><Data ss:Type="Number">-1541.49</Data></Cell>
<Cell ss:StyleID="ce13"><Data ss:Type="Number">-48.171563</Data></Cell>
<Cell ss:StyleID="ce13"><Data ss:Type="Number">0.042951</Data></Cell>
<Cell ss:StyleID="ce13"><Data ss:Type="Number">-0.922672</Data></Cell>
<Cell ss:StyleID="ce13"><Data ss:Type="Number">-5.000000</Data></Cell>
<Cell><Data ss:Type="Number">3.4074074074074074</Data></Cell>
<Cell ss:StyleID="ce11"><Data ss:Type="Number">16.7068</Data></Cell>
<Cell><Data ss:Type="Number">32</Data></Cell>
<Cell><Data ss:Type="Number">2.7</Data></Cell>
<Cell><Data ss:Type="Number">9.2</Data></Cell>
<Cell><Data ss:Type="Number">19</Data></Cell>
<Cell><Data ss:Type="Number">0.10</Data></Cell>
<Cell><Data ss:Type="Number">1</Data></Cell>
<Cell><Data ss:Type="Number">10</Data></Cell>
<Cell><Data ss:Type="Number">11</Data></Cell>
<Cell><Data ss:Type="Number">2</Data></Cell>
</Row>
<Row>
<Cell><Data ss:Type="Number">43</Data></Cell>
<Cell ss:StyleID="ce2"><Data ss:Type="Number">-0.94</Data></Cell>
<Cell ss:StyleID="ce2"><Data ss:Type="Number">-1115.82</Data></Cell>
<Cell ss:StyleID="ce13"><Data ss:Type="Number">-18.912203</Data></Cell>
<Cell ss:StyleID="ce13"><Data ss:Type="Number">0.159394</Data></Cell>
<Cell ss:StyleID="ce13"><Data ss:Type="Number">-0.935667</Data></Cell>
<Cell ss:StyleID="ce13"><Data ss:Type="Number">-5.000000</Data></Cell>
<Cell><Data ss:Type="Number">1</Data></Cell>
<Cell ss:StyleID="ce11"><Data ss:Type="Number">11.9254</Data></Cell>
<Cell><Data ss:Type="Number">59</Data></Cell>
<Cell><Data ss:Type="Number">4.8</Data></Cell>
<Cell><Data ss:Type="Number">4.8</Data></Cell>
<Cell><Data ss:Type="Number">22</Data></Cell>
<Cell><Data ss:Type="Number">0.25</Data></Cell>
<Cell><Data ss:Type="Number">1</Data></Cell>
<Cell><Data ss:Type="Number">10</Data></Cell>
<Cell><Data ss:Type="Number">19</Data></Cell>
<Cell><Data ss:Type="Number">7</Data></Cell>
</Row>
<Row>
<Cell><Data ss:Type="Number">32</Data></Cell>
<Cell ss:StyleID="ce2"><Data ss:Type="Number">-0.94</Data></Cell>
<Cell ss:StyleID="ce2"><Data ss:Type="Number">-1489.33</Data></Cell>
<Cell ss:StyleID="ce13"><Data ss:Type="Number">-24.415246</Data></Cell>
<Cell ss:StyleID="ce13"><Data ss:Type="Number">0.100097</Data></Cell>
<Cell ss:StyleID="ce13"><Data ss:Type="Number">-0.938456</Data></Cell>
<Cell ss:StyleID="ce13"><Data ss:Type="Number">-5.000000</Data></Cell>
<Cell><Data ss:Type="Number">3.4999999999999996</Data></Cell>
<Cell ss:StyleID="ce11"><Data ss:Type="Number">15.8700</Data></Cell>
<Cell><Data ss:Type="Number">61</Data></Cell>
<Cell><Data ss:Type="Number">2.4</Data></Cell>
<Cell><Data ss:Type="Number">8.4</Data></Cell>
<Cell><Data ss:Type="Number">15</Data></Cell>
<Cell><Data ss:Type="Number">0.18</Data></Cell>
<Cell><Data ss:Type="Number">2</Data></Cell>
<Cell><Data ss:Type="Number">7</Data></Cell>
<Cell><Data ss:Type="Number">16</Data></Cell>
<Cell><Data ss:Type="Number">9</Data></Cell>
</Row>
<Row>
<Cell><Data ss:Type="Number">0</Data></Cell>
<Cell ss:StyleID="ce2"><Data ss:Type="Number">-0.94</Data></Cell>
<Cell ss:StyleID="ce2"><Data ss:Type="Number">-1540.98</Data></Cell>
<Cell ss:StyleID="ce13"><Data ss:Type="Number">-70.044545</Data></Cell>
<Cell ss:StyleID="ce13"><Data ss:Type="Number">0.010086</Data></Cell>
<Cell ss:StyleID="ce13"><Data ss:Type="Number">-0.939565</Data></Cell>
<Cell ss:StyleID="ce13"><Data ss:Type="Number">-5.000000</Data></Cell>
<Cell><Data ss:Type="Number">4.2727272727272725</Data></Cell>
<Cell ss:StyleID="ce11"><Data ss:Type="Number">16.4010</Data></Cell>
<Cell><Data ss:Type="Number">22</Data></Cell>
<Cell><Data ss:Type="Number">2.2</Data></Cell>
<Cell><Data ss:Type="Number">9.4</Data></Cell>
<Cell><Data ss:Type="Number">19</Data></Cell>
<Cell><Data ss:Type="Number">0.41</Data></Cell>
<Cell><Data ss:Type="Number">0</Data></Cell>
<Cell><Data ss:Type="Number">10</Data></Cell>
<Cell><Data ss:Type="Number">21</Data></Cell>
<Cell><Data ss:Type="Number">3</Data></Cell>
</Row>
<Row>
<Cell><Data ss:Type="Number">1</Data></Cell>
<Cell ss:StyleID="ce2"><Data ss:Type="Number">-0.94</Data></Cell>
<Cell ss:StyleID="ce2"><Data ss:Type="Number">-1554.99</Data></Cell>
<Cell ss:StyleID="ce13"><Data ss:Type="Number">-70.681364</Data></Cell>
<Cell ss:StyleID="ce13"><Data ss:Type="Number">0.002988</Data></Cell>
<Cell ss:StyleID="ce13"><Data ss:Type="Number">-0.939821</Data></Cell>
<Cell ss:StyleID="ce13"><Data ss:Type="Number">-5.000000</Data></Cell>
<Cell><Data ss:Type="Number">4.545454545454545</Data></Cell>
<Cell ss:StyleID="ce11"><Data ss:Type="Number">16.5456</Data></Cell>
<Cell><Data ss:Type="Number">22</Data></Cell>
<Cell><Data ss:Type="Number">2.2</Data></Cell>
<Cell><Data ss:Type="Number">10.0</Data></Cell>
<Cell><Data ss:Type="Number">18</Data></Cell>
<Cell><Data ss:Type="Number">0</Data></Cell>
<Cell><Data ss:Type="Number">0</Data></Cell>
<Cell><Data ss:Type="Number">10</Data></Cell>
<Cell><Data ss:Type="Number">12</Data></Cell>
<Cell><Data ss:Type="Number">5</Data></Cell>
</Row>
<Row>
<Cell><Data ss:Type="Number">28</Data></Cell>
<Cell ss:StyleID="ce2"><Data ss:Type="Number">-0.96</Data></Cell>
<Cell ss:StyleID="ce2"><Data ss:Type="Number">-1508.55</Data></Cell>
<Cell ss:StyleID="ce13"><Data ss:Type="Number">-35.082558</Data></Cell>
<Cell ss:StyleID="ce13"><Data ss:Type="Number">0.116427</Data></Cell>
<Cell ss:StyleID="ce13"><Data ss:Type="Number">-0.957688</Data></Cell>
<Cell ss:StyleID="ce13"><Data ss:Type="Number">-5.000000</Data></Cell>
<Cell><Data ss:Type="Number">5.666666666666667</Data></Cell>
<Cell ss:StyleID="ce11"><Data ss:Type="Number">15.7520</Data></Cell>
<Cell><Data ss:Type="Number">43</Data></Cell>
<Cell><Data ss:Type="Number">1.5</Data></Cell>
<Cell><Data ss:Type="Number">8.5</Data></Cell>
<Cell><Data ss:Type="Number">15</Data></Cell>
<Cell><Data ss:Type="Number">0.23</Data></Cell>
<Cell><Data ss:Type="Number">2</Data></Cell>
<Cell><Data ss:Type="Number">4</Data></Cell>
<Cell><Data ss:Type="Number">23</Data></Cell>
<Cell><Data ss:Type="Number">8</Data></Cell>
</Row>
<Row>
<Cell><Data ss:Type="Number">23</Data></Cell>
<Cell ss:StyleID="ce2"><Data ss:Type="Number">-0.96</Data></Cell>
<Cell ss:StyleID="ce2"><Data ss:Type="Number">-1178.83</Data></Cell>
<Cell ss:StyleID="ce13"><Data ss:Type="Number">-20.324655</Data></Cell>
<Cell ss:StyleID="ce13"><Data ss:Type="Number">0.138011</Data></Cell>
<Cell ss:StyleID="ce13"><Data ss:Type="Number">-0.961243</Data></Cell>
<Cell ss:StyleID="ce13"><Data ss:Type="Number">-5.000000</Data></Cell>
<Cell><Data ss:Type="Number">1.5416666666666667</Data></Cell>
<Cell ss:StyleID="ce11"><Data ss:Type="Number">12.2636</Data></Cell>
<Cell><Data ss:Type="Number">58</Data></Cell>
<Cell><Data ss:Type="Number">4.8</Data></Cell>
<Cell><Data ss:Type="Number">7.4</Data></Cell>
<Cell><Data ss:Type="Number">15</Data></Cell>
<Cell><Data ss:Type="Number">0.14</Data></Cell>
<Cell><Data ss:Type="Number">0</Data></Cell>
<Cell><Data ss:Type="Number">8</Data></Cell>
<Cell><Data ss:Type="Number">19</Data></Cell>
<Cell><Data ss:Type="Number">5</Data></Cell>
</Row>
<Row>
<Cell><Data ss:Type="Number">36</Data></Cell>
<Cell ss:StyleID="ce2"><Data ss:Type="Number">-0.97</Data></Cell>
<Cell ss:StyleID="ce2"><Data ss:Type="Number">-1533.58</Data></Cell>
<Cell ss:StyleID="ce13"><Data ss:Type="Number">-58.983846</Data></Cell>
<Cell ss:StyleID="ce13"><Data ss:Type="Number">0.022762</Data></Cell>
<Cell ss:StyleID="ce13"><Data ss:Type="Number">-0.972905</Data></Cell>
<Cell ss:StyleID="ce13"><Data ss:Type="Number">-5.000000</Data></Cell>
<Cell><Data ss:Type="Number">4.3181818181818175</Data></Cell>
<Cell ss:StyleID="ce11"><Data ss:Type="Number">15.7629</Data></Cell>
<Cell><Data ss:Type="Number">26</Data></Cell>
<Cell><Data ss:Type="Number">2.2</Data></Cell>
<Cell><Data ss:Type="Number">9.5</Data></Cell>
<Cell><Data ss:Type="Number">24</Data></Cell>
<Cell><Data ss:Type="Number">0.38</Data></Cell>
<Cell><Data ss:Type="Number">0</Data></Cell>
<Cell><Data ss:Type="Number">8</Data></Cell>
<Cell><Data ss:Type="Number">16</Data></Cell>
<Cell><Data ss:Type="Number">2</Data></Cell>
</Row>
<Row>
<Cell><Data ss:Type="Number">40</Data></Cell>
<Cell ss:StyleID="ce2"><Data ss:Type="Number">-1.00</Data></Cell>
<Cell ss:StyleID="ce2"><Data ss:Type="Number">-1503.04</Data></Cell>
<Cell ss:StyleID="ce13"><Data ss:Type="Number">-75.152000</Data></Cell>
<Cell ss:StyleID="ce13"><Data ss:Type="Number">0.130085</Data></Cell>
<Cell ss:StyleID="ce13"><Data ss:Type="Number">-1.000000</Data></Cell>
<Cell ss:StyleID="ce13"><Data ss:Type="Number">-5.000000</Data></Cell>
<Cell><Data ss:Type="Number">1.2307692307692308</Data></Cell>
<Cell ss:StyleID="ce11"><Data ss:Type="Number">15.0304</Data></Cell>
<Cell><Data ss:Type="Number">20</Data></Cell>
<Cell><Data ss:Type="Number">1.3</Data></Cell>
<Cell><Data ss:Type="Number">1.6</Data></Cell>
<Cell><Data ss:Type="Number">22</Data></Cell>
<Cell><Data ss:Type="Number">0.24</Data></Cell>
<Cell><Data ss:Type="Number">0</Data></Cell>
<Cell><Data ss:Type="Number">5</Data></Cell>
<Cell><Data ss:Type="Number">19</Data></Cell>
<Cell><Data ss:Type="Number">8</Data></Cell>
</Row>
<Row>
<Cell><Data ss:Type="Number">10</Data></Cell>
<Cell ss:StyleID="ce2"><Data ss:Type="Number">-1.00</Data></Cell>
<Cell ss:StyleID="ce2"><Data ss:Type="Number">-1504.79</Data></Cell>
<Cell ss:StyleID="ce13"><Data ss:Type="Number">-88.517059</Data></Cell>
<Cell><Data ss:Type="Number">0</Data></Cell>
<Cell ss:StyleID="ce13"><Data ss:Type="Number">-1.000000</Data></Cell>
<Cell ss:StyleID="ce13"><Data ss:Type="Number">-5.000000</Data></Cell>
<Cell><Data ss:Type="Number">2.9000000000000004</Data></Cell>
<Cell ss:StyleID="ce11"><Data ss:Type="Number">15.0479</Data></Cell>
<Cell><Data ss:Type="Number">17</Data></Cell>
<Cell><Data ss:Type="Number">2.0</Data></Cell>
<Cell><Data ss:Type="Number">5.8</Data></Cell>
<Cell><Data ss:Type="Number">23</Data></Cell>
<Cell><Data ss:Type="Number">0.10</Data></Cell>
<Cell><Data ss:Type="Number">1</Data></Cell>
<Cell><Data ss:Type="Number">10</Data></Cell>
<Cell><Data ss:Type="Number">11</Data></Cell>
<Cell><Data ss:Type="Number">10</Data></Cell>
</Row>
<Row>
<Cell><Data ss:Type="Number">18</Data></Cell>
<Cell ss:StyleID="ce2"><Data ss:Type="Number">-1.00</Data></Cell>
<Cell ss:StyleID="ce2"><Data ss:Type="Number">-1503.45</Data></Cell>
<Cell ss:StyleID="ce13"><Data ss:Type="Number">-93.965625</Data></Cell>
<Cell><Data ss:Type="Number">0</Data></Cell>
<Cell ss:StyleID="ce13"><Data ss:Type="Number">-1.000000</Data></Cell>
<Cell ss:StyleID="ce13"><Data ss:Type="Number">-5.000000</Data></Cell>
<Cell><Data ss:Type="Number">3.1999999999999997</Data></Cell>
<Cell ss:StyleID="ce11"><Data ss:Type="Number">15.0345</Data></Cell>
<Cell><Data ss:Type="Number">16</Data></Cell>
<Cell><Data ss:Type="Number">1.5</Data></Cell>
<Cell><Data ss:Type="Number">4.8</Data></Cell>
<Cell><Data ss:Type="Number">18</Data></Cell>
<Cell><Data ss:Type="Number">0.34</Data></Cell>
<Cell><Data ss:Type="Number">0</Data></Cell>
<Cell><Data ss:Type="Number">3</Data></Cell>
<Cell><Data ss:Type="Number">19</Data></Cell>
<Cell><Data ss:Type="Number">7</Data></Cell>
</Row>
<Row>
<Cell><Data ss:Type="Number">3</Data></Cell>
<Cell ss:StyleID="ce2"><Data ss:Type="Number">-1.00</Data></Cell>
<Cell ss:StyleID="ce2"><Data ss:Type="Number">-1566.43</Data></Cell>
<Cell ss:StyleID="ce13"><Data ss:Type="Number">-92.142941</Data></Cell>
<Cell><Data ss:Type="Number">0</Data></Cell>
<Cell ss:StyleID="ce13"><Data ss:Type="Number">-1.000000</Data></Cell>
<Cell ss:StyleID="ce13"><Data ss:Type="Number">-5.000000</Data></Cell>
<Cell><Data ss:Type="Number">7</Data></Cell>
<Cell ss:StyleID="ce11"><Data ss:Type="Number">15.6643</Data></Cell>
<Cell><Data ss:Type="Number">17</Data></Cell>
<Cell><Data ss:Type="Number">1.1</Data></Cell>
<Cell><Data ss:Type="Number">7.7</Data></Cell>
<Cell><Data ss:Type="Number">19</Data></Cell>
<Cell><Data ss:Type="Number">0.37</Data></Cell>
<Cell><Data ss:Type="Number">1</Data></Cell>
<Cell><Data ss:Type="Number">4</Data></Cell>
<Cell><Data ss:Type="Number">23</Data></Cell>
<Cell><Data ss:Type="Number">7</Data></Cell>
</Row>
<Row>
<Cell><Data ss:Type="Number">39</Data></Cell>
<Cell ss:StyleID="ce2"><Data ss:Type="Number">-1.00</Data></Cell>
<Cell ss:StyleID="ce2"><Data ss:Type="Number">-1535.89</Data></Cell>
<Cell ss:StyleID="ce13"><Data ss:Type="Number">-90.346471</Data></Cell>
<Cell><Data ss:Type="Number">0</Data></Cell>
<Cell ss:StyleID="ce13"><Data ss:Type="Number">-1.000000</Data></Cell>
<Cell ss:StyleID="ce13"><Data ss:Type="Number">-5.000000</Data></Cell>
<Cell><Data ss:Type="Number">5.9333333333333336</Data></Cell>
<Cell ss:StyleID="ce11"><Data ss:Type="Number">15.3589</Data></Cell>
<Cell><Data ss:Type="Number">17</Data></Cell>
<Cell><Data ss:Type="Number">1.5</Data></Cell>
<Cell><Data ss:Type="Number">8.9</Data></Cell>
<Cell><Data ss:Type="Number">15</Data></Cell>
<Cell><Data ss:Type="Number">0.11</Data></Cell>
<Cell><Data ss:Type="Number">0</Data></Cell>
<Cell><Data ss:Type="Number">8</Data></Cell>
<Cell><Data ss:Type="Number">15</Data></Cell>
<Cell><Data ss:Type="Number">2</Data></Cell>
</Row>
<Row>
<Cell><Data ss:Type="Number">13</Data></Cell>
<Cell ss:StyleID="ce2"><Data ss:Type="Number">-1.00</Data></Cell>
<Cell ss:StyleID="ce2"><Data ss:Type="Number">-1583.24</Data></Cell>
<Cell ss:StyleID="ce13"><Data ss:Type="Number">-93.131765</Data></Cell>
<Cell><Data ss:Type="Number">0</Data></Cell>
<Cell ss:StyleID="ce13"><Data ss:Type="Number">-1.000000</Data></Cell>
<Cell ss:StyleID="ce13"><Data ss:Type="Number">-5.000000</Data></Cell>
<Cell><Data ss:Type="Number">4.666666666666667</Data></Cell>
<Cell ss:StyleID="ce11"><Data ss:Type="Number">15.8324</Data></Cell>
<Cell><Data ss:Type="Number">17</Data></Cell>
<Cell><Data ss:Type="Number">1.5</Data></Cell>
<Cell><Data ss:Type="Number">7.0</Data></Cell>
<Cell><Data ss:Type="Number">23</Data></Cell>
<Cell><Data ss:Type="Number">0.22</Data></Cell>
<Cell><Data ss:Type="Number">0</Data></Cell>
<Cell><Data ss:Type="Number">7</Data></Cell>
<Cell><Data ss:Type="Number">16</Data></Cell>
<Cell><Data ss:Type="Number">8</Data></Cell>
</Row>
<Row>
<Cell><Data ss:Type="Number">8</Data></Cell>
<Cell ss:StyleID="ce2"><Data ss:Type="Number">-1.00</Data></Cell>
<Cell ss:StyleID="ce2"><Data ss:Type="Number">-1525.56</Data></Cell>
<Cell ss:StyleID="ce13"><Data ss:Type="Number">-89.738824</Data></Cell>
<Cell><Data ss:Type="Number">0</Data></Cell>
<Cell ss:StyleID="ce13"><Data ss:Type="Number">-1.000000</Data></Cell>
<Cell ss:StyleID="ce13"><Data ss:Type="Number">-5.000000</Data></Cell>
<Cell><Data ss:Type="Number">2.3157894736842106</Data></Cell>
<Cell ss:StyleID="ce11"><Data ss:Type="Number">15.2556</Data></Cell>
<Cell><Data ss:Type="Number">17</Data></Cell>
<Cell><Data ss:Type="Number">1.9</Data></Cell>
<Cell><Data ss:Type="Number">4.4</Data></Cell>
<Cell><Data ss:Type="Number">19</Data></Cell>
<Cell><Data ss:Type="Number">0.34</Data></Cell>
<Cell><Data ss:Type="Number">0</Data></Cell>
<Cell><Data ss:Type="Number">8</Data></Cell>
<Cell><Data ss:Type="Number">21</Data></Cell>
<Cell><Data ss:Type="Number">4</Data></Cell>
</Row>
<Row>
<Cell><Data ss:Type="Number">2</Data></Cell>
<Cell ss:StyleID="ce2"><Data ss:Type="Number">-1.00</Data></Cell>
<Cell ss:StyleID="ce2"><Data ss:Type="Number">-1582.23</Data></Cell>
<Cell ss:StyleID="ce13"><Data ss:Type="Number">-93.072353</Data></Cell>
<Cell><Data ss:Type="Number">0</Data></Cell>
<Cell ss:StyleID="ce13"><Data ss:Type="Number">-1.000000</Data></Cell>
<Cell ss:StyleID="ce13"><Data ss:Type="Number">-5.000000</Data></Cell>
<Cell><Data ss:Type="Number">4.2666666666666666</Data></Cell>
<Cell ss:StyleID="ce11"><Data ss:Type="Number">15.8223</Data></Cell>
<Cell><Data ss:Type="Number">17</Data></Cell>
<Cell><Data ss:Type="Number">1.5</Data></Cell>
<Cell><Data ss:Type="Number">6.4</Data></Cell>
<Cell><Data ss:Type="Number">22</Data></Cell>
<Cell><Data ss:Type="Number">0.13</Data></Cell>
<Cell><Data ss:Type="Number">1</Data></Cell>
<Cell><Data ss:Type="Number">10</Data></Cell>
<Cell><Data ss:Type="Number">15</Data></Cell>
<Cell><Data ss:Type="Number">7</Data></Cell>
</Row>
<Row>
<Cell><Data ss:Type="Number">5</Data></Cell>
<Cell ss:StyleID="ce2"><Data ss:Type="Number">-1.00</Data></Cell>
<Cell ss:StyleID="ce2"><Data ss:Type="Number">-1598.13</Data></Cell>
<Cell ss:StyleID="ce13"><Data ss:Type="Number">-94.007647</Data></Cell>
<Cell><Data ss:Type="Number">0</Data></Cell>
<Cell ss:StyleID="ce13"><Data ss:Type="Number">-1.000000</Data></Cell>
<Cell ss:StyleID="ce13"><Data ss:Type="Number">-5.000000</Data></Cell>
<Cell><Data ss:Type="Number">15.833333333333334</Data></Cell>
<Cell ss:StyleID="ce11"><Data ss:Type="Number">15.9813</Data></Cell>
<Cell><Data ss:Type="Number">17</Data></Cell>
<Cell><Data ss:Type="Number">0.6</Data></Cell>
<Cell><Data ss:Type="Number">9.5</Data></Cell>
<Cell><Data ss:Type="Number">24</Data></Cell>
<Cell><Data ss:Type="Number">0.08</Data></Cell>
<Cell><Data ss:Type="Number">1</Data></Cell>
<Cell><Data ss:Type="Number">4</Data></Cell>
<Cell><Data ss:Type="Number">24</Data></Cell>
<Cell><Data ss:Type="Number">8</Data></Cell>
</Row>
</Table>
</Worksheet>
</Workbook>
